"Dates","CO","Year","Month","State"
"1-2007",0.334161579608917,2007,"Jan","PA"
"2-2007",0.423144608736038,2007,"Feb","PA"
"3-2007",0.389378309249878,2007,"Mar","PA"
"4-2007",0.29809096455574,2007,"Apr","PA"
"5-2007",0.489205032587051,2007,"May","PA"
"6-2007",0.784931778907776,2007,"June","PA"
"7-2007",0.0783253833651543,2007,"Jul","PA"
"8-2007",0.26538747549057,2007,"Aug","PA"
"9-2007",0.220440372824669,2007,"Sept","PA"
"10-2007",0.334682136774063,2007,"Oct","PA"
"11-2007",0.386111378669739,2007,"Nov","PA"
"12-2007",0.333957463502884,2007,"Dec","PA"
"1-2008",0.298417180776596,2008,"Jan","PA"
"2-2008",0.168463259935379,2008,"Feb","PA"
"3-2008",0.248161554336548,2008,"Mar","PA"
"4-2008",0.306104749441147,2008,"Apr","PA"
"5-2008",0.269363075494766,2008,"May","PA"
"6-2008",0.267265439033508,2008,"June","PA"
"7-2008",0.222530230879784,2008,"Jul","PA"
"8-2008",0.170591980218887,2008,"Aug","PA"
"9-2008",0.152002662420273,2008,"Sept","PA"
"10-2008",0.306668102741241,2008,"Oct","PA"
"11-2008",0.31398943066597,2008,"Nov","PA"
"12-2008",0.351117491722107,2008,"Dec","PA"
"1-2009",0.373987853527069,2009,"Jan","PA"
"2-2009",0.408804535865784,2009,"Feb","PA"
"3-2009",0.376502126455307,2009,"Mar","PA"
"4-2009",0.353995651006699,2009,"Apr","PA"
"5-2009",0.321576952934265,2009,"May","PA"
"6-2009",0.22929210960865,2009,"June","PA"
"7-2009",0.216847196221352,2009,"Jul","PA"
"8-2009",0.217886820435524,2009,"Aug","PA"
"9-2009",0.168618351221085,2009,"Sept","PA"
"10-2009",0.27776899933815,2009,"Oct","PA"
"11-2009",0.451671600341797,2009,"Nov","PA"
"12-2009",0.27996227145195,2009,"Dec","PA"
"1-2010",0.34929946064949,2010,"Jan","PA"
"2-2010",0.38910049200058,2010,"Feb","PA"
"3-2010",0.39185643196106,2010,"Mar","PA"
"4-2010",0.213892355561256,2010,"Apr","PA"
"5-2010",0.178839027881622,2010,"May","PA"
"6-2010",0.318018615245819,2010,"June","PA"
"7-2010",0.259072214365005,2010,"Jul","PA"
"8-2010",0.243738606572151,2010,"Aug","PA"
"9-2010",0.212749466300011,2010,"Sept","PA"
"10-2010",0.256225734949112,2010,"Oct","PA"
"11-2010",0.310873478651047,2010,"Nov","PA"
"12-2010",0.330904215574265,2010,"Dec","PA"
"1-2011",0.435845732688904,2011,"Jan","PA"
"2-2011",0.425208568572998,2011,"Feb","PA"
"3-2011",0.216039478778839,2011,"Mar","PA"
"4-2011",0.258400499820709,2011,"Apr","PA"
"5-2011",0.205318108201027,2011,"May","PA"
"6-2011",0.205030217766762,2011,"June","PA"
"7-2011",0.174539148807526,2011,"Jul","PA"
"8-2011",0.144121333956718,2011,"Aug","PA"
"9-2011",0.183600932359695,2011,"Sept","PA"
"10-2011",0.283465802669525,2011,"Oct","PA"
"11-2011",0.367881119251251,2011,"Nov","PA"
"12-2011",0.32113191485405,2011,"Dec","PA"
"1-2012",0.308247625827789,2012,"Jan","PA"
"2-2012",0.36964812874794,2012,"Feb","PA"
"3-2012",0.235773220658302,2012,"Mar","PA"
"4-2012",0.198199167847633,2012,"Apr","PA"
"5-2012",0.154540076851845,2012,"May","PA"
"6-2012",0.191177502274513,2012,"June","PA"
"7-2012",0.226626351475716,2012,"Jul","PA"
"8-2012",0.198379799723625,2012,"Aug","PA"
"9-2012",0.206177517771721,2012,"Sept","PA"
"10-2012",0.224619045853615,2012,"Oct","PA"
"11-2012",0.284990280866623,2012,"Nov","PA"
"12-2012",0.328161001205444,2012,"Dec","PA"
"1-2013",0.309818744659424,2013,"Jan","PA"
"2-2013",0.316194415092468,2013,"Feb","PA"
"3-2013",0.268767148256302,2013,"Mar","PA"
"4-2013",0.224097520112991,2013,"Apr","PA"
"5-2013",0.158384084701538,2013,"May","PA"
"6-2013",0.103792823851109,2013,"June","PA"
"7-2013",0.154505625367165,2013,"Jul","PA"
"8-2013",0.178926944732666,2013,"Aug","PA"
"9-2013",0.187424585223198,2013,"Sept","PA"
"10-2013",0.217052400112152,2013,"Oct","PA"
"11-2013",0.236892193555832,2013,"Nov","PA"
"12-2013",0.364696353673935,2013,"Dec","PA"
"1-2014",0.346969991922379,2014,"Jan","PA"
"2-2014",0.379773199558258,2014,"Feb","PA"
"3-2014",0.301258832216263,2014,"Mar","PA"
"4-2014",0.225254222750664,2014,"Apr","PA"
"5-2014",0.18563075363636,2014,"May","PA"
"6-2014",0.211870789527893,2014,"June","PA"
"7-2014",0.161529406905174,2014,"Jul","PA"
"8-2014",0.2397351115942,2014,"Aug","PA"
"9-2014",0.232838839292526,2014,"Sept","PA"
"10-2014",0.206533119082451,2014,"Oct","PA"
"11-2014",0.339275330305099,2014,"Nov","PA"
"12-2014",0.328943222761154,2014,"Dec","PA"
"1-2015",0.366358280181885,2015,"Jan","PA"
"2-2015",0.352140247821808,2015,"Feb","PA"
"3-2015",0.293845891952515,2015,"Mar","PA"
"4-2015",0.237868696451187,2015,"Apr","PA"
"5-2015",0.205537855625153,2015,"May","PA"
"6-2015",0.181516632437706,2015,"June","PA"
"7-2015",0.212524965405464,2015,"Jul","PA"
"8-2015",0.204070448875427,2015,"Aug","PA"
"9-2015",0.20169660449028,2015,"Sept","PA"
"10-2015",0.208675011992455,2015,"Oct","PA"
"11-2015",0.347418159246445,2015,"Nov","PA"
"12-2015",0.351582735776901,2015,"Dec","PA"
"1-2016",0.320655763149261,2016,"Jan","PA"
"2-2016",0.21026822924614,2016,"Feb","PA"
"3-2016",0.233048841357231,2016,"Mar","PA"
"4-2016",0.186682939529419,2016,"Apr","PA"
"5-2016",0.186539873480797,2016,"May","PA"
"6-2016",0.150472715497017,2016,"June","PA"
"7-2016",0.162479788064957,2016,"Jul","PA"
"8-2016",0.147117674350739,2016,"Aug","PA"
"9-2016",0.164141401648521,2016,"Sept","PA"
"10-2016",0.187310397624969,2016,"Oct","PA"
"11-2016",0.306417614221573,2016,"Nov","PA"
"12-2016",0.27566197514534,2016,"Dec","PA"
"1-2017",0.353643298149109,2017,"Jan","PA"
"2-2017",0.216853946447372,2017,"Feb","PA"
"3-2017",0.617357075214386,2017,"Mar","PA"
"4-2017",0.228103935718536,2017,"Apr","PA"
"5-2017",0.162280976772308,2017,"May","PA"
"6-2017",0.19216525554657,2017,"June","PA"
"7-2017",0.166384369134903,2017,"Jul","PA"
"8-2017",0.180754408240318,2017,"Aug","PA"
"9-2017",0.195887625217438,2017,"Sept","PA"
"10-2017",0.216841161251068,2017,"Oct","PA"
"11-2017",0.291832476854324,2017,"Nov","PA"
"12-2017",0.321250855922699,2017,"Dec","PA"
"1-2007",0.610413670539856,2007,"Jan","NY"
"2-2007",0.605405390262604,2007,"Feb","NY"
"3-2007",0.59551864862442,2007,"Mar","NY"
"4-2007",0.559707462787628,2007,"Apr","NY"
"5-2007",0.548001945018768,2007,"May","NY"
"6-2007",0.550892889499664,2007,"June","NY"
"7-2007",0.639938592910767,2007,"Jul","NY"
"8-2007",0.574103653430939,2007,"Aug","NY"
"9-2007",0.581781506538391,2007,"Sept","NY"
"10-2007",0.612601816654205,2007,"Oct","NY"
"11-2007",0.590724170207977,2007,"Nov","NY"
"12-2007",0.575273394584656,2007,"Dec","NY"
"1-2008",0.575236022472382,2008,"Jan","NY"
"2-2008",0.647880673408508,2008,"Feb","NY"
"3-2008",0.518141210079193,2008,"Mar","NY"
"4-2008",0.50607168674469,2008,"Apr","NY"
"5-2008",0.472092032432556,2008,"May","NY"
"6-2008",0.587331891059875,2008,"June","NY"
"7-2008",0.469676405191422,2008,"Jul","NY"
"8-2008",0.409992307424545,2008,"Aug","NY"
"9-2008",0.47473081946373,2008,"Sept","NY"
"10-2008",0.464661329984665,2008,"Oct","NY"
"11-2008",0.471802324056625,2008,"Nov","NY"
"12-2008",0.531901180744171,2008,"Dec","NY"
"1-2009",0.550425291061401,2009,"Jan","NY"
"2-2009",0.578924894332886,2009,"Feb","NY"
"3-2009",0.525654911994934,2009,"Mar","NY"
"4-2009",0.50425261259079,2009,"Apr","NY"
"5-2009",0.585023880004883,2009,"May","NY"
"6-2009",0.531935453414917,2009,"June","NY"
"7-2009",0.468467086553574,2009,"Jul","NY"
"8-2009",0.496782779693604,2009,"Aug","NY"
"9-2009",0.413571149110794,2009,"Sept","NY"
"10-2009",0.465136706829071,2009,"Oct","NY"
"11-2009",0.529727876186371,2009,"Nov","NY"
"12-2009",0.614618122577667,2009,"Dec","NY"
"1-2010",0.791813492774963,2010,"Jan","NY"
"2-2010",0.423011213541031,2010,"Feb","NY"
"3-2010",0.457204520702362,2010,"Mar","NY"
"4-2010",0.427427470684052,2010,"Apr","NY"
"5-2010",0.464547097682953,2010,"May","NY"
"6-2010",0.444585472345352,2010,"June","NY"
"7-2010",0.402403265237808,2010,"Jul","NY"
"8-2010",0.401294201612473,2010,"Aug","NY"
"9-2010",0.425498574972153,2010,"Sept","NY"
"10-2010",0.418407380580902,2010,"Oct","NY"
"11-2010",0.47512212395668,2010,"Nov","NY"
"12-2010",0.428819268941879,2010,"Dec","NY"
"1-2011",0.578356206417084,2011,"Jan","NY"
"2-2011",0.466412484645844,2011,"Feb","NY"
"3-2011",0.405968695878983,2011,"Mar","NY"
"4-2011",0.444119185209274,2011,"Apr","NY"
"5-2011",0.431492060422897,2011,"May","NY"
"6-2011",0.372976243495941,2011,"June","NY"
"7-2011",0.36913388967514,2011,"Jul","NY"
"8-2011",0.424541652202606,2011,"Aug","NY"
"9-2011",0.546750783920288,2011,"Sept","NY"
"10-2011",0.429068624973297,2011,"Oct","NY"
"11-2011",0.59755551815033,2011,"Nov","NY"
"12-2011",0.678650140762329,2011,"Dec","NY"
"1-2012",0.468384206295013,2012,"Jan","NY"
"2-2012",0.459541320800781,2012,"Feb","NY"
"3-2012",0.527363181114197,2012,"Mar","NY"
"4-2012",0.450525432825089,2012,"Apr","NY"
"5-2012",0.552158117294312,2012,"May","NY"
"6-2012",0.32901194691658,2012,"June","NY"
"7-2012",0.432458132505417,2012,"Jul","NY"
"8-2012",0.547948122024536,2012,"Aug","NY"
"9-2012",0.555921733379364,2012,"Sept","NY"
"10-2012",0.578395187854767,2012,"Oct","NY"
"11-2012",0.481483310461044,2012,"Nov","NY"
"12-2012",0.54950475692749,2012,"Dec","NY"
"1-2013",0.492895781993866,2013,"Jan","NY"
"2-2013",0.498256593942642,2013,"Feb","NY"
"3-2013",0.447297990322113,2013,"Mar","NY"
"4-2013",0.44686233997345,2013,"Apr","NY"
"5-2013",0.490997791290283,2013,"May","NY"
"6-2013",0.55180025100708,2013,"June","NY"
"7-2013",0.475237399339676,2013,"Jul","NY"
"8-2013",0.380452811717987,2013,"Aug","NY"
"9-2013",0.350343704223633,2013,"Sept","NY"
"10-2013",0.341304391622543,2013,"Oct","NY"
"11-2013",0.398855924606323,2013,"Nov","NY"
"12-2013",0.519060790538788,2013,"Dec","NY"
"1-2014",0.542279243469238,2014,"Jan","NY"
"2-2014",0.462477803230286,2014,"Feb","NY"
"3-2014",0.387957960367203,2014,"Mar","NY"
"4-2014",0.378457099199295,2014,"Apr","NY"
"5-2014",0.369726926088333,2014,"May","NY"
"6-2014",0.376971989870071,2014,"June","NY"
"7-2014",0.356058597564697,2014,"Jul","NY"
"8-2014",0.372505694627762,2014,"Aug","NY"
"9-2014",0.370336472988129,2014,"Sept","NY"
"10-2014",0.344426691532135,2014,"Oct","NY"
"11-2014",0.496313750743866,2014,"Nov","NY"
"12-2014",0.473548740148544,2014,"Dec","NY"
"1-2015",0.355097621679306,2015,"Jan","NY"
"2-2015",0.359097510576248,2015,"Feb","NY"
"3-2015",0.455756783485413,2015,"Mar","NY"
"4-2015",0.365970462560654,2015,"Apr","NY"
"5-2015",0.303205758333206,2015,"May","NY"
"6-2015",0.232286974787712,2015,"June","NY"
"7-2015",0.380707889795303,2015,"Jul","NY"
"8-2015",0.336313009262085,2015,"Aug","NY"
"9-2015",0.365193396806717,2015,"Sept","NY"
"10-2015",0.330917745828629,2015,"Oct","NY"
"11-2015",0.473795503377914,2015,"Nov","NY"
"12-2015",0.483870834112167,2015,"Dec","NY"
"1-2016",0.373631745576859,2016,"Jan","NY"
"2-2016",0.332696586847305,2016,"Feb","NY"
"3-2016",0.292376160621643,2016,"Mar","NY"
"4-2016",0.250763893127441,2016,"Apr","NY"
"5-2016",0.266148000955582,2016,"May","NY"
"6-2016",0.226638481020927,2016,"June","NY"
"7-2016",0.224585995078087,2016,"Jul","NY"
"8-2016",0.224112153053284,2016,"Aug","NY"
"9-2016",0.21720378100872,2016,"Sept","NY"
"10-2016",0.261854588985443,2016,"Oct","NY"
"11-2016",0.308420598506927,2016,"Nov","NY"
"12-2016",0.310467541217804,2016,"Dec","NY"
"1-2017",0.171968400478363,2017,"Jan","NY"
"2-2017",0.175892278552055,2017,"Feb","NY"
"3-2017",0.140469864010811,2017,"Mar","NY"
"4-2017",0.147403925657272,2017,"Apr","NY"
"5-2017",0.136778637766838,2017,"May","NY"
"6-2017",0.159160226583481,2017,"June","NY"
"7-2017",0.155715301632881,2017,"Jul","NY"
"8-2017",0.159498140215874,2017,"Aug","NY"
"9-2017",0.143879011273384,2017,"Sept","NY"
"10-2017",0.153621315956116,2017,"Oct","NY"
"11-2017",0.188031241297722,2017,"Nov","NY"
"12-2017",0.186222270131111,2017,"Dec","NY"
"1-2007",0.595862209796906,2007,"Jan","CA"
"2-2007",0.509382903575897,2007,"Feb","CA"
"3-2007",0.411197245121002,2007,"Mar","CA"
"4-2007",0.29877170920372,2007,"Apr","CA"
"5-2007",0.286321401596069,2007,"May","CA"
"6-2007",0.258672028779984,2007,"June","CA"
"7-2007",0.239670976996422,2007,"Jul","CA"
"8-2007",0.276417315006256,2007,"Aug","CA"
"9-2007",0.329462110996246,2007,"Sept","CA"
"10-2007",0.518065810203552,2007,"Oct","CA"
"11-2007",0.594575047492981,2007,"Nov","CA"
"12-2007",0.546011507511139,2007,"Dec","CA"
"1-2008",0.540811359882355,2008,"Jan","CA"
"2-2008",0.557043075561523,2008,"Feb","CA"
"3-2008",0.477010637521744,2008,"Mar","CA"
"4-2008",0.361505925655365,2008,"Apr","CA"
"5-2008",0.298999786376953,2008,"May","CA"
"6-2008",0.288125216960907,2008,"June","CA"
"7-2008",0.241681978106499,2008,"Jul","CA"
"8-2008",0.226368010044098,2008,"Aug","CA"
"9-2008",0.299457162618637,2008,"Sept","CA"
"10-2008",0.527186989784241,2008,"Oct","CA"
"11-2008",0.604168057441711,2008,"Nov","CA"
"12-2008",0.52136492729187,2008,"Dec","CA"
"1-2009",0.602348685264587,2009,"Jan","CA"
"2-2009",0.478058964014053,2009,"Feb","CA"
"3-2009",0.419238835573196,2009,"Mar","CA"
"4-2009",0.341075271368027,2009,"Apr","CA"
"5-2009",0.258242547512054,2009,"May","CA"
"6-2009",0.206656187772751,2009,"June","CA"
"7-2009",0.280611962080002,2009,"Jul","CA"
"8-2009",0.387928664684296,2009,"Aug","CA"
"9-2009",0.409095287322998,2009,"Sept","CA"
"10-2009",0.502535223960876,2009,"Oct","CA"
"11-2009",0.640189349651337,2009,"Nov","CA"
"12-2009",0.615899324417114,2009,"Dec","CA"
"1-2010",0.586621940135956,2010,"Jan","CA"
"2-2010",0.498809665441513,2010,"Feb","CA"
"3-2010",0.399977803230286,2010,"Mar","CA"
"4-2010",0.34577277302742,2010,"Apr","CA"
"5-2010",0.314611911773682,2010,"May","CA"
"6-2010",0.251178056001663,2010,"June","CA"
"7-2010",0.266593843698502,2010,"Jul","CA"
"8-2010",0.272835969924927,2010,"Aug","CA"
"9-2010",0.356393218040466,2010,"Sept","CA"
"10-2010",0.339330554008484,2010,"Oct","CA"
"11-2010",0.463285982608795,2010,"Nov","CA"
"12-2010",0.485611885786057,2010,"Dec","CA"
"1-2011",0.522109150886536,2011,"Jan","CA"
"2-2011",0.38679376244545,2011,"Feb","CA"
"3-2011",0.36330309510231,2011,"Mar","CA"
"4-2011",0.189667612314224,2011,"Apr","CA"
"5-2011",0.23821884393692,2011,"May","CA"
"6-2011",0.199953258037567,2011,"June","CA"
"7-2011",0.133587658405304,2011,"Jul","CA"
"8-2011",0.176394045352936,2011,"Aug","CA"
"9-2011",0.22294008731842,2011,"Sept","CA"
"10-2011",0.391822516918182,2011,"Oct","CA"
"11-2011",0.437255531549454,2011,"Nov","CA"
"12-2011",0.648597538471222,2011,"Dec","CA"
"1-2012",0.598566174507141,2012,"Jan","CA"
"2-2012",0.422029346227646,2012,"Feb","CA"
"3-2012",0.336591243743896,2012,"Mar","CA"
"4-2012",0.314602196216583,2012,"Apr","CA"
"5-2012",0.272514581680298,2012,"May","CA"
"6-2012",0.234937310218811,2012,"June","CA"
"7-2012",0.238102063536644,2012,"Jul","CA"
"8-2012",0.292085617780685,2012,"Aug","CA"
"9-2012",0.333138078451157,2012,"Sept","CA"
"10-2012",0.364510208368301,2012,"Oct","CA"
"11-2012",0.576357424259186,2012,"Nov","CA"
"12-2012",0.785066902637482,2012,"Dec","CA"
"1-2013",0.838640093803406,2013,"Jan","CA"
"2-2013",0.664488732814789,2013,"Feb","CA"
"3-2013",0.352836966514587,2013,"Mar","CA"
"4-2013",0.210007593035698,2013,"Apr","CA"
"5-2013",0.170766994357109,2013,"May","CA"
"6-2013",0.205921992659569,2013,"June","CA"
"7-2013",0.175585612654686,2013,"Jul","CA"
"8-2013",0.203074797987938,2013,"Aug","CA"
"9-2013",0.260495245456696,2013,"Sept","CA"
"10-2013",0.400460660457611,2013,"Oct","CA"
"11-2013",0.476624637842178,2013,"Nov","CA"
"12-2013",0.428487300872803,2013,"Dec","CA"
"1-2014",0.686113655567169,2014,"Jan","CA"
"2-2014",0.406986236572266,2014,"Feb","CA"
"3-2014",0.357854843139648,2014,"Mar","CA"
"4-2014",0.298327714204788,2014,"Apr","CA"
"5-2014",0.299379676580429,2014,"May","CA"
"6-2014",0.359515875577927,2014,"June","CA"
"7-2014",0.308806926012039,2014,"Jul","CA"
"8-2014",0.261159896850586,2014,"Aug","CA"
"9-2014",0.262671172618866,2014,"Sept","CA"
"10-2014",0.334186047315598,2014,"Oct","CA"
"11-2014",0.360084801912308,2014,"Nov","CA"
"12-2014",0.401093304157257,2014,"Dec","CA"
"1-2015",0.456449866294861,2015,"Jan","CA"
"2-2015",0.428161531686783,2015,"Feb","CA"
"3-2015",0.354681015014648,2015,"Mar","CA"
"4-2015",0.292336016893387,2015,"Apr","CA"
"5-2015",0.209649130702019,2015,"May","CA"
"6-2015",0.148451775312424,2015,"June","CA"
"7-2015",0.174823105335236,2015,"Jul","CA"
"8-2015",0.183198213577271,2015,"Aug","CA"
"9-2015",0.235656008124352,2015,"Sept","CA"
"10-2015",0.338402420282364,2015,"Oct","CA"
"11-2015",0.378036141395569,2015,"Nov","CA"
"12-2015",0.414359331130981,2015,"Dec","CA"
"1-2016",0.357874065637589,2016,"Jan","CA"
"2-2016",0.425858557224274,2016,"Feb","CA"
"3-2016",0.274632096290588,2016,"Mar","CA"
"4-2016",0.288484930992126,2016,"Apr","CA"
"5-2016",0.165370047092438,2016,"May","CA"
"6-2016",0.213452100753784,2016,"June","CA"
"7-2016",0.166945606470108,2016,"Jul","CA"
"8-2016",0.217041075229645,2016,"Aug","CA"
"9-2016",0.295930176973343,2016,"Sept","CA"
"10-2016",0.382192015647888,2016,"Oct","CA"
"11-2016",0.535514354705811,2016,"Nov","CA"
"12-2016",0.447220951318741,2016,"Dec","CA"
"1-2017",0.450871616601944,2017,"Jan","CA"
"2-2017",0.385653585195541,2017,"Feb","CA"
"3-2017",0.416687518358231,2017,"Mar","CA"
"4-2017",0.323028653860092,2017,"Apr","CA"
"5-2017",0.204811081290245,2017,"May","CA"
"6-2017",0.197615399956703,2017,"June","CA"
"7-2017",0.187283724546432,2017,"Jul","CA"
"8-2017",0.18272353708744,2017,"Aug","CA"
"9-2017",0.195626974105835,2017,"Sept","CA"
"10-2017",0.357856124639511,2017,"Oct","CA"
"11-2017",0.448063403367996,2017,"Nov","CA"
"12-2017",0.722638070583344,2017,"Dec","CA"
"1-2007",0.550335168838501,2007,"Jan","FL"
"2-2007",0.700111091136932,2007,"Feb","FL"
"3-2007",0.516679048538208,2007,"Mar","FL"
"4-2007",0.951149225234985,2007,"Apr","FL"
"5-2007",1.07243847846985,2007,"May","FL"
"6-2007",0.410732686519623,2007,"June","FL"
"7-2007",0.64671915769577,2007,"Jul","FL"
"8-2007",0.542960464954376,2007,"Aug","FL"
"9-2007",0.619837880134583,2007,"Sept","FL"
"10-2007",0.645685195922852,2007,"Oct","FL"
"11-2007",0.685038805007935,2007,"Nov","FL"
"12-2007",0.768236696720123,2007,"Dec","FL"
"1-2008",0.855606138706207,2008,"Jan","FL"
"2-2008",0.797426104545593,2008,"Feb","FL"
"3-2008",0.644084572792053,2008,"Mar","FL"
"4-2008",0.596790671348572,2008,"Apr","FL"
"5-2008",0.59742933511734,2008,"May","FL"
"6-2008",0.328245997428894,2008,"June","FL"
"7-2008",0.663777410984039,2008,"Jul","FL"
"8-2008",0.756346166133881,2008,"Aug","FL"
"9-2008",0.828979671001434,2008,"Sept","FL"
"10-2008",0.517858684062958,2008,"Oct","FL"
"11-2008",0.466524630784988,2008,"Nov","FL"
"12-2008",0.78970330953598,2008,"Dec","FL"
"1-2009",0.740020155906677,2009,"Jan","FL"
"2-2009",0.468284398317337,2009,"Feb","FL"
"3-2009",0.547627508640289,2009,"Mar","FL"
"4-2009",0.523984849452972,2009,"Apr","FL"
"5-2009",0.398146867752075,2009,"May","FL"
"6-2009",0.365286231040955,2009,"June","FL"
"7-2009",0.403592795133591,2009,"Jul","FL"
"8-2009",0.296908259391785,2009,"Aug","FL"
"9-2009",0.476868867874146,2009,"Sept","FL"
"10-2009",0.721056818962097,2009,"Oct","FL"
"11-2009",0.556317865848541,2009,"Nov","FL"
"12-2009",0.476550579071045,2009,"Dec","FL"
"1-2010",0.636768400669098,2010,"Jan","FL"
"2-2010",0.256466180086136,2010,"Feb","FL"
"3-2010",0.0732091963291168,2010,"Mar","FL"
"4-2010",0.0636018812656403,2010,"Apr","FL"
"5-2010",0.16010320186615,2010,"May","FL"
"6-2010",0.109654873609543,2010,"June","FL"
"7-2010",0.181312903761864,2010,"Jul","FL"
"8-2010",0.23144818842411,2010,"Aug","FL"
"9-2010",0.113609440624714,2010,"Sept","FL"
"10-2010",0.201050385832787,2010,"Oct","FL"
"11-2010",0.211373895406723,2010,"Nov","FL"
"12-2010",0.135669052600861,2010,"Dec","FL"
"1-2011",0.133125260472298,2011,"Jan","FL"
"2-2011",0.11728497594595,2011,"Feb","FL"
"3-2011",0.0684158205986023,2011,"Mar","FL"
"4-2011",0.0800237357616425,2011,"Apr","FL"
"5-2011",0.0758903250098228,2011,"May","FL"
"6-2011",0.0474429689347744,2011,"June","FL"
"7-2011",0.0891813412308693,2011,"Jul","FL"
"8-2011",0.111280806362629,2011,"Aug","FL"
"9-2011",0.110541291534901,2011,"Sept","FL"
"10-2011",0.103240720927715,2011,"Oct","FL"
"11-2011",0.0573161728680134,2011,"Nov","FL"
"12-2011",0.0862348675727844,2011,"Dec","FL"
"1-2012",0.237132251262665,2012,"Jan","FL"
"2-2012",0.123022943735123,2012,"Feb","FL"
"3-2012",0.0974699556827545,2012,"Mar","FL"
"4-2012",0.176609694957733,2012,"Apr","FL"
"5-2012",0.155749455094337,2012,"May","FL"
"6-2012",0.0789315104484558,2012,"June","FL"
"7-2012",0.130595132708549,2012,"Jul","FL"
"8-2012",0.144202098250389,2012,"Aug","FL"
"9-2012",0.145306438207626,2012,"Sept","FL"
"10-2012",0.0952871143817902,2012,"Oct","FL"
"11-2012",0.153542518615723,2012,"Nov","FL"
"12-2012",0.16949200630188,2012,"Dec","FL"
"1-2013",0.185353204607964,2013,"Jan","FL"
"2-2013",0.186362013220787,2013,"Feb","FL"
"3-2013",0.228284910321236,2013,"Mar","FL"
"4-2013",0.176362991333008,2013,"Apr","FL"
"5-2013",0.169828116893768,2013,"May","FL"
"6-2013",0.15350903570652,2013,"June","FL"
"7-2013",0.113871440291405,2013,"Jul","FL"
"8-2013",0.114096224308014,2013,"Aug","FL"
"9-2013",0.13968414068222,2013,"Sept","FL"
"10-2013",0.116252191364765,2013,"Oct","FL"
"11-2013",0.196379840373993,2013,"Nov","FL"
"12-2013",0.19848370552063,2013,"Dec","FL"
"1-2014",0.213305026292801,2014,"Jan","FL"
"2-2014",0.223707914352417,2014,"Feb","FL"
"3-2014",0.190007194876671,2014,"Mar","FL"
"4-2014",0.117238253355026,2014,"Apr","FL"
"5-2014",0.0832007229328156,2014,"May","FL"
"6-2014",0.218967899680138,2014,"June","FL"
"7-2014",0.255828708410263,2014,"Jul","FL"
"8-2014",0.2530896961689,2014,"Aug","FL"
"9-2014",0.279353588819504,2014,"Sept","FL"
"10-2014",0.265303283929825,2014,"Oct","FL"
"11-2014",0.213840693235397,2014,"Nov","FL"
"12-2014",0.365480333566666,2014,"Dec","FL"
"1-2015",0.245309621095657,2015,"Jan","FL"
"2-2015",0.288058698177338,2015,"Feb","FL"
"3-2015",0.212411642074585,2015,"Mar","FL"
"4-2015",0.206895053386688,2015,"Apr","FL"
"5-2015",0.143611401319504,2015,"May","FL"
"6-2015",0.122114636003971,2015,"June","FL"
"7-2015",0.0889540761709213,2015,"Jul","FL"
"8-2015",0.125911489129066,2015,"Aug","FL"
"9-2015",0.210682049393654,2015,"Sept","FL"
"10-2015",0.203986093401909,2015,"Oct","FL"
"11-2015",0.17937396466732,2015,"Nov","FL"
"12-2015",0.210763603448868,2015,"Dec","FL"
"1-2016",0.270731240510941,2016,"Jan","FL"
"2-2016",0.257744550704956,2016,"Feb","FL"
"3-2016",0.224969759583473,2016,"Mar","FL"
"4-2016",0.191362202167511,2016,"Apr","FL"
"5-2016",0.222606271505356,2016,"May","FL"
"6-2016",0.200941696763039,2016,"June","FL"
"7-2016",0.16494208574295,2016,"Jul","FL"
"8-2016",0.161376148462296,2016,"Aug","FL"
"9-2016",0.217200055718422,2016,"Sept","FL"
"10-2016",0.128889441490173,2016,"Oct","FL"
"11-2016",0.231840744614601,2016,"Nov","FL"
"12-2016",0.145981997251511,2016,"Dec","FL"
"1-2017",0.144681230187416,2017,"Jan","FL"
"2-2017",0.191217705607414,2017,"Feb","FL"
"3-2017",0.179721057415009,2017,"Mar","FL"
"4-2017",0.141841068863869,2017,"Apr","FL"
"5-2017",0.350718885660172,2017,"May","FL"
"6-2017",0.402956426143646,2017,"June","FL"
"7-2017",0.240068167448044,2017,"Jul","FL"
"8-2017",0.267367392778397,2017,"Aug","FL"
"9-2017",0.298163026571274,2017,"Sept","FL"
"10-2017",0.258798211812973,2017,"Oct","FL"
"11-2017",0.411378413438797,2017,"Nov","FL"
"12-2017",0.285327523946762,2017,"Dec","FL"
"1-2007",0.437049567699432,2007,"Jan","SD"
"2-2007",0.470529496669769,2007,"Feb","SD"
"3-2007",0.359516561031342,2007,"Mar","SD"
"4-2007",0.413324922323227,2007,"Apr","SD"
"5-2007",0.378449440002441,2007,"May","SD"
"6-2007",0.40091535449028,2007,"June","SD"
"7-2007",0.357977509498596,2007,"Jul","SD"
"8-2007",0.348629534244537,2007,"Aug","SD"
"9-2007",0.366070121526718,2007,"Sept","SD"
"10-2007",0.449856221675873,2007,"Oct","SD"
"11-2007",0.457993775606155,2007,"Nov","SD"
"12-2007",0.515415072441101,2007,"Dec","SD"
"1-2008",0.348083674907684,2008,"Jan","SD"
"2-2008",0.380399078130722,2008,"Feb","SD"
"3-2008",0.362984865903854,2008,"Mar","SD"
"4-2008",0.304838269948959,2008,"Apr","SD"
"5-2008",0.269519805908203,2008,"May","SD"
"6-2008",0.235990807414055,2008,"June","SD"
"7-2008",0.19733963906765,2008,"Jul","SD"
"8-2008",0.244075819849968,2008,"Aug","SD"
"9-2008",0.253669261932373,2008,"Sept","SD"
"10-2008",0.29731822013855,2008,"Oct","SD"
"11-2008",0.335874170064926,2008,"Nov","SD"
"12-2008",0.32899671792984,2008,"Dec","SD"
"1-2009",0.312050580978394,2009,"Jan","SD"
"2-2009",0.342640519142151,2009,"Feb","SD"
"3-2009",0.286539942026138,2009,"Mar","SD"
"4-2009",0.27724826335907,2009,"Apr","SD"
"5-2009",0.274045616388321,2009,"May","SD"
"6-2009",0.253966063261032,2009,"June","SD"
"7-2009",0.249502420425415,2009,"Jul","SD"
"8-2009",0.25773286819458,2009,"Aug","SD"
"9-2009",0.252774238586426,2009,"Sept","SD"
"10-2009",0.248908832669258,2009,"Oct","SD"
"11-2009",0.312522888183594,2009,"Nov","SD"
"12-2009",0.265653550624847,2009,"Dec","SD"
"1-2010",0.256217747926712,2010,"Jan","SD"
"2-2010",0.281524479389191,2010,"Feb","SD"
"3-2010",0.26124781370163,2010,"Mar","SD"
"4-2010",0.259333699941635,2010,"Apr","SD"
"5-2010",0.264073073863983,2010,"May","SD"
"6-2010",0.187129139900208,2010,"June","SD"
"7-2010",0.214706405997276,2010,"Jul","SD"
"8-2010",0.20329262316227,2010,"Aug","SD"
"9-2010",0.212105363607407,2010,"Sept","SD"
"10-2010",0.263595521450043,2010,"Oct","SD"
"11-2010",0.239137530326843,2010,"Nov","SD"
"12-2010",0.282886832952499,2010,"Dec","SD"
"1-2011",0.27296581864357,2011,"Jan","SD"
"2-2011",0.252942234277725,2011,"Feb","SD"
"3-2011",0.263091713190079,2011,"Mar","SD"
"4-2011",0.240853369235992,2011,"Apr","SD"
"5-2011",0.207791179418564,2011,"May","SD"
"6-2011",0.196441486477852,2011,"June","SD"
"7-2011",0.178490594029427,2011,"Jul","SD"
"8-2011",0.187810033559799,2011,"Aug","SD"
"9-2011",0.204411879181862,2011,"Sept","SD"
"10-2011",0.188181906938553,2011,"Oct","SD"
"11-2011",0.223105728626251,2011,"Nov","SD"
"12-2011",0.225162461400032,2011,"Dec","SD"
"1-2012",0.243717506527901,2012,"Jan","SD"
"2-2012",0.250249922275543,2012,"Feb","SD"
"3-2012",0.233013123273849,2012,"Mar","SD"
"4-2012",0.212971583008766,2012,"Apr","SD"
"5-2012",0.198840603232384,2012,"May","SD"
"6-2012",0.200701549649239,2012,"June","SD"
"7-2012",0.189085721969604,2012,"Jul","SD"
"8-2012",0.193614438176155,2012,"Aug","SD"
"9-2012",0.191974297165871,2012,"Sept","SD"
"10-2012",0.214141130447388,2012,"Oct","SD"
"11-2012",0.285469651222229,2012,"Nov","SD"
"12-2012",0.226513147354126,2012,"Dec","SD"
"1-2013",0.234371826052666,2013,"Jan","SD"
"2-2013",0.243588611483574,2013,"Feb","SD"
"3-2013",0.213776618242264,2013,"Mar","SD"
"4-2013",0.193954542279243,2013,"Apr","SD"
"5-2013",0.19457271695137,2013,"May","SD"
"6-2013",0.165001600980759,2013,"June","SD"
"7-2013",0.166430488228798,2013,"Jul","SD"
"8-2013",0.173498898744583,2013,"Aug","SD"
"9-2013",0.180276438593864,2013,"Sept","SD"
"10-2013",0.161683216691017,2013,"Oct","SD"
"11-2013",0.182983815670013,2013,"Nov","SD"
"12-2013",0.209501340985298,2013,"Dec","SD"
"1-2014",0.20817893743515,2014,"Jan","SD"
"2-2014",0.246367827057838,2014,"Feb","SD"
"3-2014",0.232294142246246,2014,"Mar","SD"
"4-2014",0.235821917653084,2014,"Apr","SD"
"5-2014",0.197901651263237,2014,"May","SD"
"6-2014",0.185536712408066,2014,"June","SD"
"7-2014",0.198046877980232,2014,"Jul","SD"
"8-2014",0.241278558969498,2014,"Aug","SD"
"9-2014",0.198380783200264,2014,"Sept","SD"
"10-2014",0.207893520593643,2014,"Oct","SD"
"11-2014",0.180403456091881,2014,"Nov","SD"
"12-2014",0.242989629507065,2014,"Dec","SD"
"1-2015",0.241776362061501,2015,"Jan","SD"
"2-2015",0.261396616697311,2015,"Feb","SD"
"3-2015",0.242903605103493,2015,"Mar","SD"
"4-2015",0.237089246511459,2015,"Apr","SD"
"5-2015",0.203721597790718,2015,"May","SD"
"6-2015",0.202973514795303,2015,"June","SD"
"7-2015",0.206948146224022,2015,"Jul","SD"
"8-2015",0.162967517971992,2015,"Aug","SD"
"9-2015",0.184595301747322,2015,"Sept","SD"
"10-2015",0.207671195268631,2015,"Oct","SD"
"11-2015",0.224378168582916,2015,"Nov","SD"
"12-2015",0.22838881611824,2015,"Dec","SD"
"1-2016",0.233193308115005,2016,"Jan","SD"
"2-2016",0.210979625582695,2016,"Feb","SD"
"3-2016",0.222912475466728,2016,"Mar","SD"
"4-2016",0.195552214980125,2016,"Apr","SD"
"5-2016",0.176373109221458,2016,"May","SD"
"6-2016",0.178086757659912,2016,"June","SD"
"7-2016",0.130178615450859,2016,"Jul","SD"
"8-2016",0.173464804887772,2016,"Aug","SD"
"9-2016",0.186157554388046,2016,"Sept","SD"
"10-2016",0.223600089550018,2016,"Oct","SD"
"11-2016",0.235974490642548,2016,"Nov","SD"
"12-2016",0.227032750844955,2016,"Dec","SD"
"1-2017",0.22891391813755,2017,"Jan","SD"
"2-2017",0.208563253283501,2017,"Feb","SD"
"3-2017",0.213760957121849,2017,"Mar","SD"
"4-2017",0.202094152569771,2017,"Apr","SD"
"5-2017",0.191334307193756,2017,"May","SD"
"6-2017",0.174978762865067,2017,"June","SD"
"7-2017",0.186743155121803,2017,"Jul","SD"
"8-2017",0.185306668281555,2017,"Aug","SD"
"9-2017",0.209700331091881,2017,"Sept","SD"
"10-2017",0.189323782920837,2017,"Oct","SD"
"11-2017",0.206308424472809,2017,"Nov","SD"
"12-2017",0.189571917057037,2017,"Dec","SD"
"1-2007",0.874372482299805,2007,"Jan","MO"
"2-2007",0.511374294757843,2007,"Feb","MO"
"3-2007",0.761203110218048,2007,"Mar","MO"
"4-2007",0.641117691993713,2007,"Apr","MO"
"5-2007",0.668515503406525,2007,"May","MO"
"6-2007",0.543921172618866,2007,"June","MO"
"7-2007",0.337961256504059,2007,"Jul","MO"
"8-2007",0.362094521522522,2007,"Aug","MO"
"9-2007",0.45770925283432,2007,"Sept","MO"
"10-2007",0.352980613708496,2007,"Oct","MO"
"11-2007",0.459189206361771,2007,"Nov","MO"
"12-2007",0.361623346805573,2007,"Dec","MO"
"1-2008",0.364196300506592,2008,"Jan","MO"
"2-2008",0.32776141166687,2008,"Feb","MO"
"3-2008",0.291315913200378,2008,"Mar","MO"
"4-2008",0.38926899433136,2008,"Apr","MO"
"5-2008",0.439027726650238,2008,"May","MO"
"6-2008",0.334978193044662,2008,"June","MO"
"7-2008",0.318060785531998,2008,"Jul","MO"
"8-2008",0.409430831670761,2008,"Aug","MO"
"9-2008",0.390067100524902,2008,"Sept","MO"
"10-2008",0.279139161109924,2008,"Oct","MO"
"11-2008",0.325360804796219,2008,"Nov","MO"
"12-2008",0.310852348804474,2008,"Dec","MO"
"1-2009",0.368708580732346,2009,"Jan","MO"
"2-2009",0.358659505844116,2009,"Feb","MO"
"3-2009",0.397599697113037,2009,"Mar","MO"
"4-2009",0.300798952579498,2009,"Apr","MO"
"5-2009",0.403837531805038,2009,"May","MO"
"6-2009",0.422908991575241,2009,"June","MO"
"7-2009",0.252686649560928,2009,"Jul","MO"
"8-2009",0.340977728366852,2009,"Aug","MO"
"9-2009",0.330868005752563,2009,"Sept","MO"
"10-2009",0.330903947353363,2009,"Oct","MO"
"11-2009",0.299247205257416,2009,"Nov","MO"
"12-2009",0.409538984298706,2009,"Dec","MO"
"1-2010",0.231825768947601,2010,"Jan","MO"
"2-2010",0.320444941520691,2010,"Feb","MO"
"3-2010",0.310896188020706,2010,"Mar","MO"
"4-2010",0.203433677554131,2010,"Apr","MO"
"5-2010",0.207076713442802,2010,"May","MO"
"6-2010",0.287030935287476,2010,"June","MO"
"7-2010",0.19897335767746,2010,"Jul","MO"
"8-2010",0.207488536834717,2010,"Aug","MO"
"9-2010",0.258412301540375,2010,"Sept","MO"
"10-2010",0.322320401668549,2010,"Oct","MO"
"11-2010",0.27289229631424,2010,"Nov","MO"
"12-2010",0.292975246906281,2010,"Dec","MO"
"1-2011",0.27453351020813,2011,"Jan","MO"
"2-2011",0.309262841939926,2011,"Feb","MO"
"3-2011",0.293263643980026,2011,"Mar","MO"
"4-2011",0.259029239416122,2011,"Apr","MO"
"5-2011",0.269818395376205,2011,"May","MO"
"6-2011",0.275786995887756,2011,"June","MO"
"7-2011",0.266598016023636,2011,"Jul","MO"
"8-2011",0.292943626642227,2011,"Aug","MO"
"9-2011",0.264620244503021,2011,"Sept","MO"
"10-2011",0.324916630983353,2011,"Oct","MO"
"11-2011",0.373285233974457,2011,"Nov","MO"
"12-2011",0.470034152269363,2011,"Dec","MO"
"1-2012",0.40753236413002,2012,"Jan","MO"
"2-2012",0.418185710906982,2012,"Feb","MO"
"3-2012",0.294513612985611,2012,"Mar","MO"
"4-2012",0.247223600745201,2012,"Apr","MO"
"5-2012",0.223326846957207,2012,"May","MO"
"6-2012",0.249547362327576,2012,"June","MO"
"7-2012",0.224243342876434,2012,"Jul","MO"
"8-2012",0.264711946249008,2012,"Aug","MO"
"9-2012",0.309539288282394,2012,"Sept","MO"
"10-2012",0.302217572927475,2012,"Oct","MO"
"11-2012",0.375509113073349,2012,"Nov","MO"
"12-2012",0.343825221061707,2012,"Dec","MO"
"1-2013",0.352988213300705,2013,"Jan","MO"
"2-2013",0.370701193809509,2013,"Feb","MO"
"3-2013",0.387912184000015,2013,"Mar","MO"
"4-2013",0.21328030526638,2013,"Apr","MO"
"5-2013",0.22168143093586,2013,"May","MO"
"6-2013",0.211365193128586,2013,"June","MO"
"7-2013",0.258836418390274,2013,"Jul","MO"
"8-2013",0.239942580461502,2013,"Aug","MO"
"9-2013",0.248015314340591,2013,"Sept","MO"
"10-2013",0.228868559002876,2013,"Oct","MO"
"11-2013",0.247170835733414,2013,"Nov","MO"
"12-2013",0.268562257289886,2013,"Dec","MO"
"1-2014",0.224436149001122,2014,"Jan","MO"
"2-2014",0.257864475250244,2014,"Feb","MO"
"3-2014",0.244021311402321,2014,"Mar","MO"
"4-2014",0.205518007278442,2014,"Apr","MO"
"5-2014",0.212064906954765,2014,"May","MO"
"6-2014",0.187549576163292,2014,"June","MO"
"7-2014",0.211934700608253,2014,"Jul","MO"
"8-2014",0.233113139867783,2014,"Aug","MO"
"9-2014",0.234212636947632,2014,"Sept","MO"
"10-2014",0.241662442684174,2014,"Oct","MO"
"11-2014",0.244451880455017,2014,"Nov","MO"
"12-2014",0.244834288954735,2014,"Dec","MO"
"1-2015",0.271752893924713,2015,"Jan","MO"
"2-2015",0.251510262489319,2015,"Feb","MO"
"3-2015",0.249594837427139,2015,"Mar","MO"
"4-2015",0.212602153420448,2015,"Apr","MO"
"5-2015",0.203054085373878,2015,"May","MO"
"6-2015",0.210020586848259,2015,"June","MO"
"7-2015",0.24569496512413,2015,"Jul","MO"
"8-2015",0.26613712310791,2015,"Aug","MO"
"9-2015",0.239160984754562,2015,"Sept","MO"
"10-2015",0.24092523753643,2015,"Oct","MO"
"11-2015",0.250843316316605,2015,"Nov","MO"
"12-2015",0.273940831422806,2015,"Dec","MO"
"1-2016",0.271453261375427,2016,"Jan","MO"
"2-2016",0.260936230421066,2016,"Feb","MO"
"3-2016",0.229031786322594,2016,"Mar","MO"
"4-2016",0.210892364382744,2016,"Apr","MO"
"5-2016",0.220741331577301,2016,"May","MO"
"6-2016",0.219592213630676,2016,"June","MO"
"7-2016",0.206777945160866,2016,"Jul","MO"
"8-2016",0.190240859985352,2016,"Aug","MO"
"9-2016",0.199827626347542,2016,"Sept","MO"
"10-2016",0.218887254595757,2016,"Oct","MO"
"11-2016",0.261067807674408,2016,"Nov","MO"
"12-2016",0.261565953493118,2016,"Dec","MO"
"1-2017",0.265296936035156,2017,"Jan","MO"
"2-2017",0.300989598035812,2017,"Feb","MO"
"3-2017",0.260103672742844,2017,"Mar","MO"
"4-2017",0.233778908848763,2017,"Apr","MO"
"5-2017",0.212164252996445,2017,"May","MO"
"6-2017",0.194357767701149,2017,"June","MO"
"7-2017",0.200309589505196,2017,"Jul","MO"
"8-2017",0.240778982639313,2017,"Aug","MO"
"9-2017",0.243623688817024,2017,"Sept","MO"
"10-2017",0.207874864339828,2017,"Oct","MO"
"11-2017",0.239524394273758,2017,"Nov","MO"
"12-2017",0.252586007118225,2017,"Dec","MO"
"1-2007",0.430495202541351,2007,"Jan","NM"
"2-2007",0.403006672859192,2007,"Feb","NM"
"3-2007",0.409139156341553,2007,"Mar","NM"
"4-2007",0.292895883321762,2007,"Apr","NM"
"5-2007",0.257992416620255,2007,"May","NM"
"6-2007",0.241557657718658,2007,"June","NM"
"7-2007",0.332570046186447,2007,"Jul","NM"
"8-2007",0.291033804416656,2007,"Aug","NM"
"9-2007",0.300067186355591,2007,"Sept","NM"
"10-2007",0.335871249437332,2007,"Oct","NM"
"11-2007",0.473047226667404,2007,"Nov","NM"
"12-2007",0.466056376695633,2007,"Dec","NM"
"1-2008",0.465390175580978,2008,"Jan","NM"
"2-2008",0.337581992149353,2008,"Feb","NM"
"3-2008",0.237764418125153,2008,"Mar","NM"
"4-2008",0.317749112844467,2008,"Apr","NM"
"5-2008",0.206015720963478,2008,"May","NM"
"6-2008",0.231403991580009,2008,"June","NM"
"7-2008",0.167290091514587,2008,"Jul","NM"
"8-2008",0.184494942426682,2008,"Aug","NM"
"9-2008",0.229965850710869,2008,"Sept","NM"
"10-2008",0.343325644731522,2008,"Oct","NM"
"11-2008",0.522773027420044,2008,"Nov","NM"
"12-2008",0.472206115722656,2008,"Dec","NM"
"1-2009",0.505975544452667,2009,"Jan","NM"
"2-2009",0.469224840402603,2009,"Feb","NM"
"3-2009",0.34441739320755,2009,"Mar","NM"
"4-2009",0.295576214790344,2009,"Apr","NM"
"5-2009",0.197063088417053,2009,"May","NM"
"6-2009",0.179320126771927,2009,"June","NM"
"7-2009",0.185026705265045,2009,"Jul","NM"
"8-2009",0.25484761595726,2009,"Aug","NM"
"9-2009",0.25881427526474,2009,"Sept","NM"
"10-2009",0.271799564361572,2009,"Oct","NM"
"11-2009",0.552592515945435,2009,"Nov","NM"
"12-2009",0.513716340065002,2009,"Dec","NM"
"1-2010",0.430164724588394,2010,"Jan","NM"
"2-2010",0.33537894487381,2010,"Feb","NM"
"3-2010",0.298405110836029,2010,"Mar","NM"
"4-2010",0.209381610155106,2010,"Apr","NM"
"5-2010",0.202856048941612,2010,"May","NM"
"6-2010",0.204021394252777,2010,"June","NM"
"7-2010",0.19122526049614,2010,"Jul","NM"
"8-2010",0.155692532658577,2010,"Aug","NM"
"9-2010",0.134743720293045,2010,"Sept","NM"
"10-2010",0.190359741449356,2010,"Oct","NM"
"11-2010",0.348555684089661,2010,"Nov","NM"
"12-2010",0.539359569549561,2010,"Dec","NM"
"1-2011",0.489084601402283,2011,"Jan","NM"
"2-2011",0.406725645065308,2011,"Feb","NM"
"3-2011",0.359015554189682,2011,"Mar","NM"
"4-2011",0.281440079212189,2011,"Apr","NM"
"5-2011",0.288482755422592,2011,"May","NM"
"6-2011",0.301725387573242,2011,"June","NM"
"7-2011",0.219874024391174,2011,"Jul","NM"
"8-2011",0.20574826002121,2011,"Aug","NM"
"9-2011",0.204255267977715,2011,"Sept","NM"
"10-2011",0.292918384075165,2011,"Oct","NM"
"11-2011",0.434386014938354,2011,"Nov","NM"
"12-2011",0.49509733915329,2011,"Dec","NM"
"1-2012",0.471740245819092,2012,"Jan","NM"
"2-2012",0.288397997617722,2012,"Feb","NM"
"3-2012",0.240510731935501,2012,"Mar","NM"
"4-2012",0.184144720435143,2012,"Apr","NM"
"5-2012",0.193149521946907,2012,"May","NM"
"6-2012",0.217304080724716,2012,"June","NM"
"7-2012",0.124948091804981,2012,"Jul","NM"
"8-2012",0.124048121273518,2012,"Aug","NM"
"9-2012",0.180767416954041,2012,"Sept","NM"
"10-2012",0.286898612976074,2012,"Oct","NM"
"11-2012",0.505025804042816,2012,"Nov","NM"
"12-2012",0.554714024066925,2012,"Dec","NM"
"1-2013",0.315679907798767,2013,"Jan","NM"
"2-2013",0.246492758393288,2013,"Feb","NM"
"3-2013",0.241632521152496,2013,"Mar","NM"
"4-2013",0.256059616804123,2013,"Apr","NM"
"5-2013",0.205030173063278,2013,"May","NM"
"6-2013",0.137309908866882,2013,"June","NM"
"7-2013",0.165661051869392,2013,"Jul","NM"
"8-2013",0.134512946009636,2013,"Aug","NM"
"9-2013",0.132373362779617,2013,"Sept","NM"
"10-2013",0.190587982535362,2013,"Oct","NM"
"11-2013",0.345623254776001,2013,"Nov","NM"
"12-2013",0.484430968761444,2013,"Dec","NM"
"1-2014",0.369601666927338,2014,"Jan","NM"
"2-2014",0.239811256527901,2014,"Feb","NM"
"3-2014",0.153097718954086,2014,"Mar","NM"
"4-2014",0.200219333171844,2014,"Apr","NM"
"5-2014",0.211386620998383,2014,"May","NM"
"6-2014",0.172133892774582,2014,"June","NM"
"7-2014",0.20731683075428,2014,"Jul","NM"
"8-2014",0.192995265126228,2014,"Aug","NM"
"9-2014",0.20831723511219,2014,"Sept","NM"
"10-2014",0.220758557319641,2014,"Oct","NM"
"11-2014",0.308444023132324,2014,"Nov","NM"
"12-2014",0.369361519813538,2014,"Dec","NM"
"1-2015",0.359278529882431,2015,"Jan","NM"
"2-2015",0.256194233894348,2015,"Feb","NM"
"3-2015",0.227171644568443,2015,"Mar","NM"
"4-2015",0.238377407193184,2015,"Apr","NM"
"5-2015",0.173976078629494,2015,"May","NM"
"6-2015",0.22172936797142,2015,"June","NM"
"7-2015",0.196566313505173,2015,"Jul","NM"
"8-2015",0.19922237098217,2015,"Aug","NM"
"9-2015",0.21501313149929,2015,"Sept","NM"
"10-2015",0.288334667682648,2015,"Oct","NM"
"11-2015",0.285945445299149,2015,"Nov","NM"
"12-2015",0.385423958301544,2015,"Dec","NM"
"1-2016",0.289057910442352,2016,"Jan","NM"
"2-2016",0.268365919589996,2016,"Feb","NM"
"3-2016",0.252111524343491,2016,"Mar","NM"
"4-2016",0.256964236497879,2016,"Apr","NM"
"5-2016",0.206262871623039,2016,"May","NM"
"6-2016",0.243840217590332,2016,"June","NM"
"7-2016",0.207453906536102,2016,"Jul","NM"
"8-2016",0.197465047240257,2016,"Aug","NM"
"9-2016",0.14820608496666,2016,"Sept","NM"
"10-2016",0.249207839369774,2016,"Oct","NM"
"11-2016",0.38269779086113,2016,"Nov","NM"
"12-2016",0.469080358743668,2016,"Dec","NM"
"1-2017",0.382641851902008,2017,"Jan","NM"
"2-2017",0.470438033342361,2017,"Feb","NM"
"3-2017",0.345757782459259,2017,"Mar","NM"
"4-2017",0.179287567734718,2017,"Apr","NM"
"5-2017",0.198745578527451,2017,"May","NM"
"6-2017",0.234134927392006,2017,"June","NM"
"7-2017",0.183008179068565,2017,"Jul","NM"
"8-2017",0.146609976887703,2017,"Aug","NM"
"9-2017",0.188132584095001,2017,"Sept","NM"
"10-2017",0.240040630102158,2017,"Oct","NM"
"11-2017",0.312410145998001,2017,"Nov","NM"
"12-2017",0.383055686950684,2017,"Dec","NM"
"1-2007",0.817347168922424,2007,"Jan","OR"
"2-2007",0.739265441894531,2007,"Feb","OR"
"3-2007",0.745965182781219,2007,"Mar","OR"
"4-2007",0.621511518955231,2007,"Apr","OR"
"5-2007",0.511213898658752,2007,"May","OR"
"6-2007",0.427576035261154,2007,"June","OR"
"7-2007",0.404682874679565,2007,"Jul","OR"
"8-2007",0.495873034000397,2007,"Aug","OR"
"9-2007",0.566030025482178,2007,"Sept","OR"
"10-2007",0.744242191314697,2007,"Oct","OR"
"11-2007",0.710589587688446,2007,"Nov","OR"
"12-2007",0.668877959251404,2007,"Dec","OR"
"1-2008",0.608372926712036,2008,"Jan","OR"
"2-2008",0.639814138412476,2008,"Feb","OR"
"3-2008",0.512184202671051,2008,"Mar","OR"
"4-2008",0.444142609834671,2008,"Apr","OR"
"5-2008",0.415125638246536,2008,"May","OR"
"6-2008",0.411197513341904,2008,"June","OR"
"7-2008",0.26622086763382,2008,"Jul","OR"
"8-2008",0.306938499212265,2008,"Aug","OR"
"9-2008",0.437861859798431,2008,"Sept","OR"
"10-2008",0.592464625835419,2008,"Oct","OR"
"11-2008",0.62257844209671,2008,"Nov","OR"
"12-2008",0.512366771697998,2008,"Dec","OR"
"1-2009",0.547266185283661,2009,"Jan","OR"
"2-2009",0.654112756252289,2009,"Feb","OR"
"3-2009",0.511306881904602,2009,"Mar","OR"
"4-2009",0.44648289680481,2009,"Apr","OR"
"5-2009",0.346983879804611,2009,"May","OR"
"6-2009",0.384235024452209,2009,"June","OR"
"7-2009",0.412730097770691,2009,"Jul","OR"
"8-2009",0.44484806060791,2009,"Aug","OR"
"9-2009",0.38444522023201,2009,"Sept","OR"
"10-2009",0.571588039398193,2009,"Oct","OR"
"11-2009",0.645782947540283,2009,"Nov","OR"
"12-2009",0.627465128898621,2009,"Dec","OR"
"1-2010",0.486353427171707,2010,"Jan","OR"
"2-2010",0.506916105747223,2010,"Feb","OR"
"3-2010",0.47418537735939,2010,"Mar","OR"
"4-2010",0.430224537849426,2010,"Apr","OR"
"5-2010",0.427104324102402,2010,"May","OR"
"6-2010",0.45681893825531,2010,"June","OR"
"7-2010",0.202444478869438,2010,"Jul","OR"
"8-2010",0.243045717477798,2010,"Aug","OR"
"9-2010",0.335900902748108,2010,"Sept","OR"
"10-2010",0.420960187911987,2010,"Oct","OR"
"11-2010",0.468826144933701,2010,"Nov","OR"
"12-2010",0.292934387922287,2010,"Dec","OR"
"1-2011",0.508024454116821,2011,"Jan","OR"
"2-2011",0.484202474355698,2011,"Feb","OR"
"3-2011",0.322727650403976,2011,"Mar","OR"
"4-2011",0.289743781089783,2011,"Apr","OR"
"5-2011",0.278096616268158,2011,"May","OR"
"6-2011",0.223809868097305,2011,"June","OR"
"7-2011",0.175114467740059,2011,"Jul","OR"
"8-2011",0.184577256441116,2011,"Aug","OR"
"9-2011",0.28369328379631,2011,"Sept","OR"
"10-2011",0.34518626332283,2011,"Oct","OR"
"11-2011",0.398969560861588,2011,"Nov","OR"
"12-2011",0.568678736686707,2011,"Dec","OR"
"1-2012",0.482151865959167,2012,"Jan","OR"
"2-2012",0.325680822134018,2012,"Feb","OR"
"3-2012",0.324335187673569,2012,"Mar","OR"
"4-2012",0.282207369804382,2012,"Apr","OR"
"5-2012",0.242704406380653,2012,"May","OR"
"6-2012",0.196957260370255,2012,"June","OR"
"7-2012",0.178445413708687,2012,"Jul","OR"
"8-2012",0.211645618081093,2012,"Aug","OR"
"9-2012",0.273177087306976,2012,"Sept","OR"
"10-2012",0.299481093883514,2012,"Oct","OR"
"11-2012",0.379687458276749,2012,"Nov","OR"
"12-2012",0.398628920316696,2012,"Dec","OR"
"1-2013",0.355922877788544,2013,"Jan","OR"
"2-2013",0.365582078695297,2013,"Feb","OR"
"3-2013",0.335325539112091,2013,"Mar","OR"
"4-2013",0.234996378421783,2013,"Apr","OR"
"5-2013",0.194966971874237,2013,"May","OR"
"6-2013",0.161789253354073,2013,"June","OR"
"7-2013",0.145894840359688,2013,"Jul","OR"
"8-2013",0.173612385988235,2013,"Aug","OR"
"9-2013",0.223649382591248,2013,"Sept","OR"
"10-2013",0.445879727602005,2013,"Oct","OR"
"11-2013",0.360535085201263,2013,"Nov","OR"
"12-2013",0.500758528709412,2013,"Dec","OR"
"1-2014",0.31879335641861,2014,"Jan","OR"
"2-2014",0.26805368065834,2014,"Feb","OR"
"3-2014",0.298412531614304,2014,"Mar","OR"
"4-2014",0.23217111825943,2014,"Apr","OR"
"5-2014",0.211761385202408,2014,"May","OR"
"6-2014",0.153473511338234,2014,"June","OR"
"7-2014",0.187806829810143,2014,"Jul","OR"
"8-2014",0.231619581580162,2014,"Aug","OR"
"9-2014",0.249659940600395,2014,"Sept","OR"
"10-2014",0.319543451070786,2014,"Oct","OR"
"11-2014",0.228817731142044,2014,"Nov","OR"
"12-2014",0.282303154468536,2014,"Dec","OR"
"1-2015",0.399181455373764,2015,"Jan","OR"
"2-2015",0.365024745464325,2015,"Feb","OR"
"3-2015",0.454937547445297,2015,"Mar","OR"
"4-2015",0.293962955474854,2015,"Apr","OR"
"5-2015",0.227671310305595,2015,"May","OR"
"6-2015",0.184038609266281,2015,"June","OR"
"7-2015",0.18190498650074,2015,"Jul","OR"
"8-2015",0.205668643116951,2015,"Aug","OR"
"9-2015",0.247225627303123,2015,"Sept","OR"
"10-2015",0.360547572374344,2015,"Oct","OR"
"11-2015",0.359892666339874,2015,"Nov","OR"
"12-2015",0.26657697558403,2015,"Dec","OR"
"1-2016",0.281954854726791,2016,"Jan","OR"
"2-2016",0.305409938097,2016,"Feb","OR"
"3-2016",0.297709167003632,2016,"Mar","OR"
"4-2016",0.328489512205124,2016,"Apr","OR"
"5-2016",0.222902536392212,2016,"May","OR"
"6-2016",0.193267211318016,2016,"June","OR"
"7-2016",0.18626606464386,2016,"Jul","OR"
"8-2016",0.213836759328842,2016,"Aug","OR"
"9-2016",0.228180214762688,2016,"Sept","OR"
"10-2016",0.259077072143555,2016,"Oct","OR"
"11-2016",0.374852359294891,2016,"Nov","OR"
"12-2016",0.357409417629242,2016,"Dec","OR"
"1-2017",0.401822537183762,2017,"Jan","OR"
"2-2017",0.268562614917755,2017,"Feb","OR"
"3-2017",0.409072488546371,2017,"Mar","OR"
"4-2017",0.268381506204605,2017,"Apr","OR"
"5-2017",0.275854051113129,2017,"May","OR"
"6-2017",0.173354268074036,2017,"June","OR"
"7-2017",0.0937842279672623,2017,"Jul","OR"
"8-2017",0.178558841347694,2017,"Aug","OR"
"9-2017",0.24475009739399,2017,"Sept","OR"
"10-2017",0.288937121629715,2017,"Oct","OR"
"11-2017",0.212304830551147,2017,"Nov","OR"
"12-2017",0.229026973247528,2017,"Dec","OR"
